{"average_latitude": 43.24387094622234, "average_longitude": 76.89948986861928}